<?xml version="1.0" encoding="UTF-8"?>
<project-private xmlns="http://www.netbeans.org/ns/project-private/1">
    <editor-bookmarks xmlns="http://www.netbeans.org/ns/editor-bookmarks/2" lastBookmarkId="0"/>
    <open-files xmlns="http://www.netbeans.org/ns/projectui-open-files/2">
        <group>
            <file>file:/C:/xampp/htdocs/Siscon%20-%20Copia/composer.json</file>
            <file>file:/C:/xampp/htdocs/Siscon%20-%20Copia/public/js/importScript.js</file>
            <file>file:/C:/xampp/htdocs/Siscon%20-%20Copia/app/Http/Controllers/ApplicantsController.php</file>
            <file>file:/C:/xampp/htdocs/Siscon%20-%20Copia/app/Repositories/ImageRepository.php</file>
            <file>file:/C:/xampp/htdocs/Siscon%20-%20Copia/app/Http/Controllers/ImportController.php</file>
        </group>
    </open-files>
</project-private>
